{"Massachusetts":1,"Hawaii":1,"New Jersey":0.8902422878326492,"Alaska":0.8833333333333334,"West Virginia":0.9368131868131869,"New York":1,"Montana":0.9806949806949807,"North Dakota":1,"Connecticut":0.9366375121477163,"Vermont":0.9161904761904761,"New Hampshire":0.8305026294156729,"South Dakota":0.9630647130647131,"Rhode Island":0.7737649426398584,"Michigan":0.7270111104526616,"Wyoming":0.35920428777571634,"Maryland":0.8112418548653937,"Minnesota":0.46099031221546827,"Virginia":0.4770099740358584,"Oregon":0.6642637118191381,"New Mexico":0.30715855983424717,"Maine":0.24031317074926406,"Colorado":0.46688219146925053,"Nebraska":0.9154598735249762,"California":0.1724882602318246,"Wisconsin":0.20890884569007465,"Louisiana":0.2865988329100239,"Idaho":0.35178896685451894,"Illinois":0.1789395391625694,"Indiana":0.30006515259619293,"Delaware":0.41496180705907154,"Kansas":0.3469325074106426,"Kentucky":0.6075866776418563,"Ohio":0.17709615623581215,"Oklahoma":0.20300877913419174,"Utah":0.48817357939962674,"Pennsylvania":0.15698411627310888,"North Carolina":0.24011116852132194,"Mississippi":0.18497273644742115,"Nevada":0.19175845123436375,"Iowa":0.11702680470095748,"Arkansas":0.09855016994904794,"Missouri":0.039658385666035745,"Washington":0.28590787391834765,"Tennessee":0.17594822478275238,"Georgia":0.036068215903325276,"Arizona":0.029602421436709055,"South Carolina":0.07135830468941197,"Texas":0.12611513507332078,"Alabama":0.042976107059143016,"Florida":0.0655605716432456}